{
  "w1": 1.0,
  "w2": 0.5,
  "w3": 0.0,
  "orth_a": -0.0030774822651730024,
  "orth_b": 0.07264931604135873,
  "prior_high_ratio": 0.15
}