{
  "w1": 1.0,
  "w2": 0.5,
  "w3": 0.0,
  "orth_a": -0.00023463405867931933,
  "orth_b": 0.09594813677803755
}